{"train/loss": 1.0137, "train/learning_rate": 1.8333333333333333e-05, "train/epoch": 0.09, "train/global_step": 305, "_timestamp": 1680529018.0629005, "_runtime": 14258.219019651413, "_step": 304}