{"train/loss": 1.7252, "train/learning_rate": 0.0, "train/epoch": 0.01, "train/global_step": 14, "_timestamp": 1680514392.4870126, "_runtime": 332.93922758102417, "_step": 13}