{"train/loss": 1.7454, "train/learning_rate": 0.0, "train/epoch": 0.0, "train/global_step": 3, "_timestamp": 1680506378.9424443, "_runtime": 34.61313843727112, "_step": 2, "_wandb": {"runtime": 44}}