{"train/loss": 1.5364, "train/learning_rate": 0.0, "train/epoch": 0.0, "train/global_step": 3, "_timestamp": 1680511607.5829868, "_runtime": 13.357573747634888, "_step": 2, "_wandb": {"runtime": 15}}